Date,Estimated earnings (USD),Page views,Page RPM (USD),Impressions,Impression RPM (USD),Active View Viewable,Clicks
2020-09-29,0.18,238,0.74,514,0.34,0.4669,3
2020-09-30,0.03,127,0.26,287,0.11,0.4618,1
2020-10-01,0.16,150,1.04,341,0.46,0.3697,3
2020-10-02,0.29,412,0.70,1027,0.28,0.4543,5
2020-10-03,0.21,367,0.58,1043,0.21,0.4287,4
2020-10-04,0.13,386,0.33,1210,0.11,0.4406,4
2020-10-05,0.22,265,0.82,722,0.30,0.4347,3
2020-10-06,0.13,279,0.46,791,0.16,0.4228,3
2020-10-07,0.22,451,0.50,1063,0.21,0.493,4
2020-10-08,0.22,279,0.78,684,0.32,0.4553,4
2020-10-09,0.48,446,1.07,1290,0.37,0.425,9
2020-10-10,0.22,387,0.57,1254,0.18,0.4615,2
2020-10-11,0.01,216,0.07,557,0.03,0.4239,0
2020-10-12,0.09,186,0.47,483,0.18,0.3917,1
2020-10-13,0.01,134,0.08,305,0.04,0.4323,0
2020-10-14,0.00,93,0.03,153,0.02,0.531,0
2020-10-15,0.09,167,0.53,411,0.22,0.4338,1
2020-10-16,0.21,253,0.83,782,0.27,0.4704,4
2020-10-17,0.07,296,0.24,912,0.08,0.447,1
2020-10-18,0.24,671,0.36,2066,0.12,0.4969,9
2020-10-19,0.56,384,1.46,939,0.60,0.4377,9
2020-10-20,0.24,237,1.00,507,0.47,0.5098,5
2020-10-21,0.07,371,0.20,1037,0.07,0.4083,3
2020-10-22,0.89,273,3.26,859,1.03,0.4759,7
2020-10-23,0.74,303,2.43,1053,0.70,0.4929,8
2020-10-24,0.32,354,0.91,1230,0.26,0.4811,4
2020-10-25,0.43,207,2.05,711,0.60,0.5134,6
2020-10-26,0.67,209,3.20,614,1.09,0.4836,5
2020-10-27,0.05,184,0.30,450,0.12,0.4207,2
2020-10-28,0.40,327,1.21,1006,0.39,0.4114,3
2020-10-29,0.17,215,0.81,653,0.27,0.3991,2
2020-10-30,0.19,151,1.25,469,0.40,0.4258,2
2020-10-31,0.14,310,0.44,962,0.14,0.4604,3
2020-11-01,0.25,289,0.88,919,0.28,0.5054,7
2020-11-02,0.19,326,0.60,860,0.23,0.4411,1
2020-11-03,0.29,375,0.78,1115,0.26,0.4583,5
2020-11-04,0.02,229,0.07,640,0.03,0.4212,0
2020-11-05,0.01,151,0.05,397,0.02,0.41,0
2020-11-06,0.01,129,0.09,356,0.03,0.4265,0
2020-11-07,0.19,182,1.06,566,0.34,0.4531,3
2020-11-08,0.08,221,0.38,788,0.11,0.4345,2
2020-11-09,0.02,191,0.13,510,0.05,0.3921,1
2020-11-10,0.13,247,0.52,662,0.20,0.4367,3
2020-11-11,0.16,182,0.88,465,0.34,0.428,1
2020-11-12,0.25,130,1.90,295,0.84,0.43,3
2020-11-13,0.11,166,0.66,438,0.25,0.5103,1
2020-11-14,0.02,107,0.17,265,0.07,0.4848,0
2020-11-15,0.10,177,0.56,408,0.24,0.4265,1
2020-11-16,0.06,194,0.30,350,0.17,0.5661,1
2020-11-17,0.08,243,0.32,433,0.18,0.4236,1
2020-11-18,0.03,188,0.15,415,0.07,0.47,1
2020-11-19,0.21,209,1.00,559,0.38,0.4275,1
2020-11-20,0.11,158,0.70,405,0.27,0.4261,2
2020-11-21,0.08,347,0.22,896,0.09,0.4156,2
2020-11-22,0.13,144,0.91,405,0.32,0.4059,2
2020-11-23,0.05,165,0.32,491,0.11,0.4323,1
2020-11-24,0.12,252,0.49,776,0.16,0.4496,3
2020-11-25,0.16,171,0.93,386,0.41,0.4635,3
2020-11-26,0.52,365,1.43,1022,0.51,0.4541,4
2020-11-27,0.41,384,1.08,1040,0.40,0.4604,4
2020-11-28,0.54,422,1.29,1173,0.46,0.4477,5
2020-11-29,0.36,317,1.15,850,0.43,0.5141,4
2020-11-30,0.43,278,1.56,684,0.63,0.4797,3
2020-12-01,0.40,219,1.82,619,0.64,0.436,4
2020-12-02,0.04,139,0.29,327,0.12,0.3896,1
2020-12-03,0.05,163,0.29,415,0.11,0.4024,3
2020-12-04,0.13,194,0.66,483,0.26,0.3657,1
2020-12-05,0.13,162,0.79,466,0.27,0.4231,2
2020-12-06,0.02,162,0.10,431,0.04,0.4552,0
2020-12-07,0.04,175,0.21,532,0.07,0.4423,1
2020-12-08,0.04,170,0.25,450,0.09,0.5308,1
2020-12-09,0.16,145,1.07,462,0.34,0.4591,3
2020-12-10,0.08,238,0.33,597,0.13,0.4455,1
2020-12-11,0.15,284,0.52,729,0.20,0.4454,1
2020-12-12,0.23,443,0.52,1284,0.18,0.4923,4
2020-12-13,0.20,203,0.97,561,0.35,0.4227,2
2020-12-14,0.63,360,1.76,1077,0.59,0.4555,8
2020-12-15,0.26,283,0.91,665,0.39,0.4405,2
2020-12-16,0.17,339,0.51,895,0.19,0.4945,1
2020-12-17,0.24,346,0.68,1049,0.23,0.4154,3
2020-12-18,0.72,603,1.20,1927,0.38,0.4974,11
2020-12-19,0.14,381,0.37,1131,0.12,0.451,4
2020-12-20,0.25,300,0.83,899,0.28,0.442,4
2020-12-21,0.10,146,0.69,342,0.29,0.454,1
2020-12-22,0.05,146,0.32,450,0.10,0.4299,1
2020-12-23,0.02,113,0.18,280,0.07,0.461,0
2020-12-24,0.02,139,0.18,386,0.06,0.4447,0
2020-12-25,0.06,152,0.37,439,0.13,0.417,1
2020-12-26,0.05,344,0.16,987,0.06,0.4473,2
2020-12-27,0.01,116,0.08,335,0.03,0.4491,0
2020-12-28,0.02,198,0.08,603,0.03,0.4706,0
2020-12-29,0.20,301,0.65,835,0.24,0.5035,1
2020-12-30,0.24,217,1.09,551,0.43,0.4534,6
2020-12-31,0.45,391,1.15,1352,0.33,0.4647,6
2021-01-01,0.02,189,0.08,460,0.03,0.4246,2
2021-01-02,0.01,211,0.07,620,0.02,0.4487,0
2021-01-03,0.11,265,0.40,757,0.14,0.477,3
2021-01-04,0.02,162,0.11,416,0.04,0.455,1
2021-01-05,0.01,178,0.07,427,0.03,0.4252,0
2021-01-06,0.04,360,0.10,1095,0.03,0.4684,0
2021-01-07,0.27,478,0.56,1444,0.19,0.5072,6
2021-01-08,0.25,459,0.54,1382,0.18,0.4863,2
2021-01-09,0.35,434,0.81,1213,0.29,0.4454,3
2021-01-10,0.03,300,0.12,739,0.05,0.3952,0
2021-01-11,0.36,166,2.19,380,0.96,0.4234,2
2021-01-12,0.25,142,1.73,345,0.71,0.4841,2
2021-01-13,0.02,175,0.11,428,0.05,0.4825,2
2021-01-14,0.69,250,2.75,702,0.98,0.4866,10
2021-01-15,0.34,270,1.27,807,0.43,0.4451,6
2021-01-16,0.11,291,0.37,824,0.13,0.4345,3
2021-01-17,0.02,149,0.16,361,0.07,0.4571,0
2021-01-18,0.02,228,0.11,524,0.05,0.4478,0
2021-01-19,0.01,128,0.05,262,0.03,0.4791,1
2021-01-20,0.00,55,0.03,97,0.02,0.3333,0
2021-01-21,0.01,125,0.05,269,0.02,0.3396,0
2021-01-22,0.04,138,0.27,341,0.11,0.4023,1
2021-01-23,0.01,102,0.10,261,0.04,0.4788,0
2021-01-24,0.06,169,0.33,366,0.15,0.5235,2
2021-01-25,0.11,166,0.65,327,0.33,0.4202,2
2021-01-26,0.01,157,0.08,264,0.05,0.5113,1
2021-01-27,0.42,128,3.27,229,1.83,0.4242,3
2021-01-28,0.13,155,0.82,335,0.38,0.4018,1
2021-01-29,0.04,260,0.17,584,0.08,0.4558,2
2021-01-30,0.10,214,0.47,526,0.19,0.484,1
2021-01-31,0.12,208,0.56,283,0.41,0.5331,3
2021-02-01,0.02,233,0.10,520,0.04,0.5227,0
2021-02-02,0.00,146,0.02,348,0.01,0.4913,0
2021-02-03,0.01,100,0.15,220,0.07,0.4591,1
2021-02-04,0.10,491,0.21,1099,0.09,0.4926,5
2021-02-05,0.13,251,0.50,500,0.25,0.4611,2
2021-02-06,0.15,234,0.65,467,0.32,0.5011,1
2021-02-07,0.10,81,1.22,196,0.50,0.4503,1
2021-02-08,0.01,82,0.18,209,0.07,0.4634,0
2021-02-09,0.05,105,0.49,217,0.24,0.4227,0
2021-02-10,0.06,252,0.23,576,0.10,0.4441,1
2021-02-11,0.01,104,0.09,219,0.04,0.4332,0
2021-02-12,0.17,93,1.79,227,0.73,0.3886,1
2021-02-13,0.06,150,0.38,269,0.21,0.4576,2
2021-02-14,0.14,182,0.78,490,0.29,0.4474,1
2021-02-15,0.05,159,0.29,405,0.11,0.4604,1
2021-02-16,0.13,276,0.47,548,0.23,0.5335,2
2021-02-17,0.02,179,0.09,449,0.04,0.4422,1
2021-02-18,0.25,244,1.03,549,0.46,0.4582,2
2021-02-19,0.06,141,0.45,351,0.18,0.5071,1
2021-02-20,0.04,284,0.15,667,0.06,0.4294,1
2021-02-21,0.09,216,0.44,607,0.16,0.4676,2
2021-02-22,0.02,204,0.10,437,0.05,0.4727,1
2021-02-23,0.23,241,0.96,547,0.42,0.4061,4
2021-02-24,0.02,176,0.10,368,0.05,0.4038,1
2021-02-25,0.13,189,0.71,569,0.23,0.4392,1
2021-02-26,0.18,169,1.08,467,0.39,0.4225,2
2021-02-27,0.01,147,0.07,372,0.03,0.4521,1
2021-02-28,0.04,174,0.24,461,0.09,0.4258,2
2021-03-01,0.07,157,0.42,476,0.14,0.4129,1
2021-03-02,0.01,284,0.04,781,0.02,0.3982,0
2021-03-03,0.26,319,0.81,707,0.37,0.4562,3
2021-03-04,0.31,570,0.55,1622,0.19,0.4918,6
2021-03-05,0.29,429,0.67,1217,0.24,0.4372,4
2021-03-06,0.14,269,0.50,796,0.17,0.4668,6
2021-03-07,0.02,264,0.07,800,0.02,0.4499,0
2021-03-08,0.01,140,0.09,301,0.04,0.4949,1
2021-03-09,0.04,254,0.15,773,0.05,0.5297,1
2021-03-10,0.02,207,0.11,668,0.03,0.4544,0
2021-03-11,0.01,173,0.05,457,0.02,0.3926,0
2021-03-12,0.01,140,0.06,344,0.02,0.4046,0
2021-03-13,0.13,521,0.25,1261,0.11,0.4917,3
2021-03-14,0.02,280,0.08,736,0.03,0.4446,1
2021-03-15,0.01,173,0.07,493,0.03,0.4209,0
2021-03-16,0.01,145,0.08,353,0.03,0.438,1
2021-03-17,0.01,183,0.06,335,0.03,0.3881,0
2021-03-18,0.04,116,0.30,290,0.12,0.4158,1
2021-03-19,0.05,117,0.45,336,0.16,0.4149,1
2021-03-20,0.01,140,0.06,333,0.02,0.4789,0
2021-03-21,0.12,205,0.60,478,0.26,0.4876,3
2021-03-22,0.03,209,0.13,396,0.07,0.4353,0
2021-03-23,0.10,168,0.59,425,0.23,0.4366,2
2021-03-24,0.00,112,0.03,204,0.02,0.3942,0
2021-03-25,0.11,168,0.68,334,0.34,0.429,1
2021-03-26,0.02,115,0.13,260,0.06,0.4346,0
2021-03-27,0.05,101,0.53,270,0.20,0.4191,1
2021-03-28,0.06,140,0.41,288,0.20,0.4386,1
2021-03-29,0.01,134,0.06,316,0.02,0.3766,0
2021-03-30,0.10,171,0.60,388,0.27,0.4462,1
2021-03-31,0.11,210,0.51,492,0.22,0.3846,2
2021-04-01,0.02,233,0.07,640,0.03,0.4266,0
2021-04-02,0.05,178,0.28,469,0.11,0.4029,1
2021-04-03,0.03,222,0.15,634,0.05,0.4155,1
2021-04-04,0.19,188,1.02,447,0.43,0.4018,1
2021-04-05,0.01,140,0.09,407,0.03,0.3972,0
2021-04-06,0.20,180,1.13,359,0.57,0.4192,3
2021-04-07,0.06,173,0.32,463,0.12,0.4128,3
2021-04-08,0.20,186,1.06,520,0.38,0.4383,3
2021-04-09,0.33,139,2.35,359,0.91,0.368,3
2021-04-10,0.06,215,0.28,556,0.11,0.4365,1
2021-04-11,0.01,174,0.07,378,0.03,0.4497,1
2021-04-12,0.06,233,0.25,644,0.09,0.438,1
2021-04-13,0.00,97,0.02,214,0.01,0.4404,0
2021-04-14,0.67,351,1.91,799,0.84,0.5094,4
2021-04-15,0.02,197,0.12,429,0.06,0.4805,0
2021-04-16,0.12,152,0.78,359,0.33,0.4033,2
2021-04-17,0.01,124,0.05,267,0.02,0.4566,0
2021-04-18,0.02,290,0.07,801,0.03,0.3768,1
2021-04-19,0.04,403,0.10,1037,0.04,0.4757,1
2021-04-20,0.02,194,0.10,423,0.05,0.4812,0
2021-04-21,0.21,181,1.18,431,0.50,0.5228,2
2021-04-22,0.01,82,0.10,183,0.04,0.4225,0
2021-04-23,0.03,117,0.22,241,0.11,0.4421,0
2021-04-24,0.02,326,0.06,516,0.04,0.3555,0
2021-04-25,0.01,86,0.06,184,0.03,0.3791,0
2021-04-26,0.01,120,0.11,282,0.05,0.4064,1
2021-04-27,0.05,405,0.12,927,0.05,0.3658,1
2021-04-28,0.03,130,0.24,280,0.11,0.3915,0
2021-04-29,0.05,237,0.20,508,0.09,0.4016,2
2021-04-30,0.15,203,0.72,463,0.31,0.3983,3
2021-05-01,0.03,168,0.15,400,0.06,0.4154,1
2021-05-02,0.04,176,0.22,360,0.11,0.4763,1
2021-05-03,0.02,104,0.18,178,0.10,0.4514,1
2021-05-04,0.05,312,0.17,636,0.08,0.459,3
2021-05-05,0.27,246,1.08,541,0.49,0.4768,4
2021-05-06,0.29,245,1.20,600,0.49,0.4745,5
2021-05-07,0.58,467,1.25,1307,0.45,0.4833,9
2021-05-08,0.18,315,0.56,623,0.28,0.4144,2
2021-05-09,0.31,444,0.70,1006,0.31,0.5098,5
2021-05-10,0.43,376,1.15,856,0.50,0.4236,6
2021-05-11,0.32,385,0.83,899,0.35,0.4821,5
2021-05-12,1.09,841,1.30,2473,0.44,0.5148,18
2021-05-13,0.63,766,0.82,2445,0.26,0.4692,6
2021-05-14,0.64,517,1.23,1474,0.43,0.4688,7
2021-05-15,0.23,423,0.55,1131,0.20,0.4311,3
2021-05-16,0.89,642,1.39,1536,0.58,0.4754,12
2021-05-17,0.47,428,1.09,1096,0.43,0.4697,8
2021-05-18,0.03,246,0.13,531,0.06,0.3801,1
2021-05-19,0.29,296,0.99,627,0.47,0.3642,5
2021-05-20,0.69,437,1.58,927,0.74,0.4604,5
2021-05-21,0.36,428,0.85,1019,0.36,0.4575,8
2021-05-22,0.85,637,1.34,1496,0.57,0.455,11
2021-05-23,0.02,266,0.09,612,0.04,0.3804,0
2021-05-24,0.09,344,0.27,780,0.12,0.4698,2
2021-05-25,0.22,238,0.91,548,0.40,0.3952,3
2021-05-26,0.02,235,0.07,572,0.03,0.4497,0
2021-05-27,0.29,309,0.94,667,0.43,0.3916,4
2021-05-28,0.06,246,0.25,629,0.10,0.4233,1
2021-05-29,0.13,214,0.60,588,0.22,0.409,4
2021-05-30,0.54,310,1.73,659,0.81,0.4938,7
2021-05-31,0.36,516,0.71,1315,0.28,0.4049,5
2021-06-01,0.27,277,0.98,607,0.45,0.4217,9
2021-06-02,0.29,208,1.37,450,0.64,0.3798,5
2021-06-03,0.15,1213,0.12,3067,0.05,0.3893,3
2021-06-04,0.64,566,1.14,1524,0.42,0.5153,8
2021-06-05,0.70,281,2.48,780,0.89,0.44,10
2021-06-06,0.51,344,1.47,879,0.57,0.5017,7
2021-06-07,0.30,240,1.24,610,0.49,0.4169,5
2021-06-08,0.06,265,0.23,600,0.10,0.4375,2
2021-06-09,0.54,641,0.85,2293,0.24,0.4956,7
2021-06-10,0.05,265,0.18,640,0.08,0.4545,0
2021-06-11,0.90,383,2.34,909,0.99,0.4989,9
2021-06-12,0.49,418,1.18,1091,0.45,0.4429,6
2021-06-13,0.90,483,1.85,1557,0.58,0.4499,10
2021-06-14,0.38,344,1.11,723,0.53,0.4701,7
2021-06-15,0.79,284,2.78,615,1.28,0.4395,11
2021-06-16,0.19,317,0.61,693,0.28,0.4115,5
2021-06-17,0.43,196,2.18,407,1.05,0.4353,8
2021-06-18,0.14,241,0.58,460,0.30,0.479,1
2021-06-19,0.32,347,0.92,877,0.36,0.4026,7
2021-06-20,0.34,548,0.62,1721,0.20,0.3959,6
2021-06-21,0.30,392,0.75,1095,0.27,0.3976,3
2021-06-22,0.51,373,1.38,1068,0.48,0.4909,6
2021-06-23,0.62,437,1.42,999,0.62,0.4371,7
2021-06-24,0.42,306,1.38,754,0.56,0.4641,6
2021-06-25,0.69,376,1.84,946,0.73,0.4354,8
2021-06-26,0.64,425,1.49,1254,0.51,0.4656,9
2021-06-27,0.56,385,1.45,1055,0.53,0.4336,6
2021-06-28,0.25,329,0.75,756,0.33,0.4307,3
2021-06-29,0.33,225,1.47,548,0.60,0.4351,3
2021-06-30,0.17,226,0.74,530,0.32,0.4822,1
2021-07-01,0.22,223,0.97,564,0.38,0.4258,2
2021-07-02,0.06,185,0.33,536,0.11,0.4586,0
2021-07-03,0.22,262,0.86,733,0.31,0.4476,3
2021-07-04,0.30,376,0.81,1117,0.27,0.5113,3
2021-07-05,0.08,188,0.44,544,0.15,0.4519,1
2021-07-06,0.13,205,0.63,552,0.23,0.3924,2
2021-07-07,0.18,185,0.98,448,0.41,0.4279,2
2021-07-08,0.02,228,0.07,512,0.03,0.4436,0
2021-07-09,0.08,249,0.31,663,0.11,0.4722,1
2021-07-10,0.08,291,0.27,812,0.10,0.5006,2
2021-07-11,0.11,271,0.39,726,0.14,0.4715,2
2021-07-12,0.23,249,0.93,695,0.33,0.4408,1
2021-07-13,0.08,264,0.29,645,0.12,0.4368,1
2021-07-14,0.09,336,0.26,844,0.10,0.4426,2
2021-07-15,0.33,365,0.92,943,0.35,0.4836,4
2021-07-16,0.01,182,0.07,421,0.03,0.4556,0
2021-07-17,0.38,680,0.56,1728,0.22,0.4383,6
2021-07-18,0.03,257,0.12,600,0.05,0.4704,1
2021-07-19,0.07,270,0.28,821,0.09,0.4728,2
2021-07-20,0.51,382,1.35,1082,0.48,0.5018,6
2021-07-21,0.26,293,0.88,790,0.33,0.5044,2
2021-07-22,0.29,321,0.91,889,0.33,0.472,3
2021-07-23,0.19,284,0.66,830,0.23,0.4813,4
2021-07-24,0.69,330,2.09,1048,0.66,0.4613,11
2021-07-25,1.03,230,4.48,693,1.49,0.4522,11
2021-07-26,0.37,340,1.08,904,0.40,0.4544,6
2021-07-27,0.49,320,1.53,852,0.57,0.4953,4
2021-07-28,0.38,245,1.57,693,0.55,0.4906,3
2021-07-29,0.42,192,2.17,466,0.89,0.4903,3
2021-07-30,0.30,167,1.81,427,0.71,0.4381,3
2021-07-31,0.09,191,0.50,483,0.20,0.4054,2
2021-08-01,0.06,110,0.58,271,0.24,0.4674,1
2021-08-02,0.09,115,0.77,261,0.34,0.5364,1
2021-08-03,0.22,183,1.18,465,0.47,0.5443,3
2021-08-04,0.45,240,1.87,751,0.60,0.4766,7
2021-08-05,0.26,264,0.97,678,0.38,0.4596,5
2021-08-06,0.06,159,0.37,411,0.14,0.3423,0
2021-08-07,0.04,151,0.23,333,0.11,0.465,0
2021-08-08,0.06,125,0.51,399,0.16,0.5263,1
2021-08-09,0.09,246,0.38,715,0.13,0.4878,2
2021-08-10,0.04,133,0.31,302,0.13,0.5,0
2021-08-11,0.04,112,0.33,283,0.13,0.414,0
2021-08-12,0.02,139,0.17,325,0.07,0.4154,0
2021-08-13,0.27,228,1.20,652,0.42,0.476,3
2021-08-14,0.21,167,1.27,478,0.44,0.4735,4
2021-08-15,0.03,176,0.18,496,0.06,0.4521,0
2021-08-16,0.06,221,0.28,684,0.09,0.4398,1
2021-08-17,0.55,149,3.69,350,1.57,0.4177,7
2021-08-18,0.55,305,1.81,738,0.75,0.487,12
2021-08-19,0.11,201,0.54,547,0.20,0.4446,1
2021-08-20,0.25,118,2.08,364,0.67,0.5043,1
2021-08-21,0.30,151,1.96,377,0.79,0.4707,5
2021-08-22,0.41,205,1.98,489,0.83,0.437,5
2021-08-23,0.34,449,0.75,1654,0.20,0.4582,9
2021-08-24,0.35,239,1.47,562,0.62,0.4836,3
2021-08-25,0.45,208,2.14,531,0.84,0.4405,5
2021-08-26,0.08,250,0.31,581,0.13,0.4577,0
2021-08-27,0.51,325,1.57,815,0.63,0.4711,8
2021-08-28,0.09,134,0.66,450,0.20,0.4431,3
2021-08-29,0.06,141,0.39,455,0.12,0.4222,2
2021-08-30,0.04,271,0.15,726,0.06,0.4234,0
2021-08-31,0.42,289,1.47,759,0.56,0.4532,4
2021-09-01,0.63,290,2.19,703,0.90,0.4538,8
2021-09-02,0.30,256,1.17,596,0.50,0.4746,5
2021-09-03,0.34,305,1.13,698,0.49,0.4547,5
2021-09-04,0.28,362,0.78,981,0.29,0.4165,4
2021-09-05,0.17,392,0.43,791,0.21,0.4692,3
2021-09-06,0.22,257,0.87,630,0.36,0.4943,4
2021-09-07,0.14,190,0.72,403,0.34,0.4303,3
2021-09-08,0.16,154,1.06,406,0.40,0.4338,3
2021-09-09,0.07,194,0.37,510,0.14,0.3917,0
2021-09-10,0.41,187,2.18,480,0.85,0.4241,3
2021-09-11,0.20,148,1.37,379,0.54,0.4324,1
2021-09-12,0.14,163,0.83,375,0.36,0.4728,2
2021-09-13,0.34,164,2.05,365,0.92,0.4088,3
2021-09-14,0.33,230,1.42,515,0.63,0.4447,2
2021-09-15,0.17,199,0.86,518,0.33,0.4471,1
2021-09-16,0.29,259,1.11,647,0.44,0.4821,0
2021-09-17,0.30,366,0.81,920,0.32,0.4576,1
2021-09-18,0.22,286,0.77,862,0.26,0.4808,1
2021-09-19,0.35,301,1.17,813,0.43,0.4625,2
2021-09-20,0.40,281,1.43,763,0.53,0.4714,4
2021-09-21,0.41,414,0.98,1217,0.33,0.438,3
2021-09-22,0.36,273,1.33,860,0.42,0.4538,4
2021-09-23,0.33,319,1.04,890,0.37,0.4572,2
2021-09-24,0.38,285,1.33,848,0.45,0.4074,3
2021-09-25,0.14,204,0.68,581,0.24,0.4454,1
2021-09-26,0.06,227,0.25,630,0.09,0.4537,0
2021-09-27,0.05,210,0.25,550,0.09,0.4625,0
2021-09-28,0.18,307,0.57,879,0.20,0.4689,6
2021-09-29,0.17,339,0.49,949,0.17,0.4455,2
2021-09-30,0.33,362,0.92,1042,0.32,0.443,3
2021-10-01,0.12,213,0.55,520,0.22,0.4299,1
2021-10-02,0.13,121,1.10,259,0.52,0.4163,2
2021-10-03,0.17,94,1.78,280,0.60,0.4662,2
2021-10-04,0.02,113,0.20,246,0.09,0.4211,0
2021-10-05,0.03,99,0.26,243,0.11,0.5294,0
2021-10-06,0.22,116,1.92,326,0.68,0.3758,1
2021-10-07,0.03,95,0.32,292,0.10,0.4811,0
2021-10-08,0.14,130,1.10,359,0.40,0.4622,2
2021-10-09,0.03,154,0.17,425,0.06,0.4426,0
2021-10-10,0.02,158,0.15,332,0.07,0.4268,0
2021-10-11,0.08,181,0.44,496,0.16,0.4506,1
2021-10-12,0.02,86,0.26,221,0.10,0.4858,0
2021-10-13,0.12,146,0.84,316,0.39,0.49,1
2021-10-14,0.06,168,0.39,439,0.15,0.4375,1
2021-10-15,0.11,79,1.41,216,0.51,0.4925,2
2021-10-16,0.05,91,0.59,239,0.22,0.4335,0
2021-10-17,0.04,126,0.33,223,0.18,0.5115,2
2021-10-18,0.11,117,0.94,306,0.36,0.4542,1
2021-10-19,0.05,157,0.31,244,0.20,0.5,0
2021-10-20,0.16,120,1.36,327,0.50,0.462,3
2021-10-21,0.02,145,0.16,453,0.05,0.4292,0
2021-10-22,0.42,203,2.09,471,0.90,0.4595,4
2021-10-23,0.27,151,1.76,334,0.80,0.4268,5
2021-10-24,0.08,144,0.56,351,0.23,0.4613,2
2021-10-25,1.00,598,1.67,1680,0.59,0.5188,22
2021-10-26,0.65,355,1.82,911,0.71,0.4812,10
2021-10-27,0.07,328,0.21,856,0.08,0.4596,1
2021-10-28,0.39,245,1.57,653,0.59,0.4115,9
2021-10-29,0.62,456,1.36,1376,0.45,0.4944,6
2021-10-30,0.14,357,0.39,1034,0.14,0.4448,3
2021-10-31,0.02,189,0.13,469,0.05,0.4804,0
2021-11-01,0.20,222,0.90,634,0.32,0.4661,2
2021-11-02,0.27,219,1.25,524,0.52,0.4427,2
2021-11-03,0.07,176,0.42,394,0.19,0.3868,1
2021-11-04,0.05,70,0.67,154,0.31,0.4702,1
2021-11-05,0.03,112,0.26,337,0.09,0.4468,0
2021-11-06,0.01,122,0.10,336,0.04,0.426,0
2021-11-07,0.06,96,0.60,274,0.21,0.4109,2
2021-11-08,0.44,425,1.03,1563,0.28,0.4832,6
2021-11-09,0.37,313,1.19,935,0.40,0.4521,4
2021-11-10,0.22,160,1.37,463,0.47,0.4252,1
2021-11-11,0.14,190,0.72,557,0.25,0.4801,2
2021-11-12,0.12,265,0.45,687,0.17,0.485,2
2021-11-13,0.13,296,0.42,923,0.14,0.4584,3
2021-11-14,0.19,142,1.33,454,0.42,0.4204,2
2021-11-15,0.43,248,1.72,838,0.51,0.5129,3
2021-11-16,0.06,119,0.48,310,0.18,0.4186,0
2021-11-17,0.09,255,0.33,842,0.10,0.5163,1
2021-11-18,0.09,142,0.62,408,0.22,0.415,0
2021-11-19,0.09,151,0.59,478,0.19,0.5435,0
2021-11-20,0.55,206,2.68,687,0.80,0.4731,9
2021-11-21,0.42,197,2.15,652,0.65,0.4754,5
2021-11-22,0.25,266,0.93,824,0.30,0.4699,2
2021-11-23,0.36,263,1.38,751,0.48,0.4751,4
2021-11-24,0.16,410,0.39,908,0.18,0.4691,2
2021-11-25,0.26,217,1.20,656,0.40,0.4173,3
2021-11-26,0.13,162,0.81,482,0.27,0.4161,0
2021-11-27,0.22,322,0.70,1052,0.21,0.4783,4
2021-11-28,0.06,332,0.19,893,0.07,0.3827,1
2021-11-29,0.12,253,0.48,751,0.16,0.4459,3
2021-11-30,0.32,237,1.34,687,0.46,0.5163,3
2021-12-01,0.23,162,1.43,422,0.55,0.5,1
2021-12-02,0.05,214,0.24,613,0.08,0.5149,1
2021-12-03,0.29,307,0.93,909,0.31,0.4705,3
2021-12-04,0.17,448,0.38,1447,0.12,0.47,4
2021-12-05,1.46,734,1.99,2328,0.63,0.4179,20
2021-12-06,0.31,326,0.95,946,0.33,0.439,2
2021-12-07,0.15,345,0.42,867,0.17,0.5098,3
2021-12-08,0.42,412,1.01,1146,0.36,0.4871,8
2021-12-09,0.42,447,0.93,1108,0.38,0.5073,4
2021-12-10,0.22,264,0.85,633,0.35,0.4744,3
2021-12-11,0.07,233,0.28,741,0.09,0.4979,1
2021-12-12,0.33,179,1.84,510,0.65,0.4433,3
2021-12-13,0.41,351,1.17,973,0.42,0.4544,4
2021-12-14,0.35,208,1.71,511,0.69,0.4878,5
2021-12-15,0.25,240,1.04,735,0.34,0.4463,4
2021-12-16,0.11,183,0.61,483,0.23,0.4603,1
2021-12-17,0.18,250,0.72,794,0.23,0.5283,5
2021-12-18,0.20,188,1.08,601,0.34,0.4638,2
2021-12-19,0.25,253,0.98,1032,0.24,0.4757,2
2021-12-20,0.11,202,0.56,544,0.21,0.4463,1
2021-12-21,0.10,176,0.58,387,0.26,0.4786,1
2021-12-22,0.21,203,1.02,564,0.37,0.4842,3
2021-12-23,0.15,174,0.87,496,0.30,0.444,2
2021-12-24,0.17,186,0.93,613,0.28,0.4573,2
2021-12-25,0.06,148,0.41,432,0.14,0.4541,0
2021-12-26,0.05,106,0.44,350,0.13,0.381,0
2021-12-27,0.06,148,0.42,497,0.13,0.4139,1
2021-12-28,0.40,286,1.42,912,0.44,0.4465,5
2021-12-29,0.05,331,0.16,1051,0.05,0.5049,0
2021-12-30,0.27,232,1.18,786,0.35,0.5013,6
2021-12-31,0.10,219,0.46,680,0.15,0.4819,3
2022-01-01,0.10,285,0.34,744,0.13,0.4735,1
2022-01-02,0.30,396,0.75,1338,0.22,0.4829,3
2022-01-03,0.03,358,0.10,982,0.03,0.5135,1
2022-01-04,0.23,296,0.78,935,0.25,0.4751,1
2022-01-05,0.09,328,0.28,1139,0.08,0.5045,1
2022-01-06,0.14,258,0.54,768,0.18,0.4793,3
2022-01-07,0.20,187,1.07,611,0.33,0.4472,4
2022-01-08,0.18,361,0.51,1034,0.18,0.4975,4
2022-01-09,0.15,228,0.66,787,0.19,0.4631,4
2022-01-10,0.19,140,1.32,475,0.39,0.4957,3
2022-01-11,0.02,144,0.17,449,0.06,0.4988,0
2022-01-12,0.47,363,1.28,849,0.55,0.452,4
2022-01-13,0.02,219,0.11,619,0.04,0.4646,0
2022-01-14,0.21,215,0.97,617,0.34,0.4215,1
2022-01-15,0.25,356,0.70,926,0.27,0.4955,3
2022-01-16,0.26,378,0.68,1073,0.24,0.4927,3
2022-01-17,0.20,169,1.18,515,0.39,0.3889,1
2022-01-18,0.04,136,0.29,379,0.10,0.4558,1
2022-01-19,0.03,160,0.18,456,0.06,0.4338,0
2022-01-20,0.06,103,0.55,278,0.20,0.3855,1
2022-01-21,0.18,169,1.08,490,0.37,0.4679,6
2022-01-22,0.01,476,0.02,33,0.35,0.4,0
2022-01-23,0.00,134,0.00,0,,,0
2022-01-24,0.00,190,0.00,0,,,0
2022-01-25,0.00,469,0.00,9,0.03,0.2857,0
2022-01-26,0.00,646,0.00,0,,,0
2022-01-27,0.00,648,0.00,6,0.00,0.3333,0
2022-01-28,0.00,471,0.00,2,0.05,0,0
2022-01-29,0.00,234,0.00,17,0.01,0.5385,0
2022-01-30,0.12,128,0.91,395,0.30,0.4354,1
2022-01-31,0.02,213,0.09,68,0.29,0.3538,0
2022-02-01,0.00,225,0.01,10,0.27,0.4,0
2022-02-02,0.00,513,0.00,8,0.00,0,0
2022-02-03,0.00,476,0.00,78,0.01,0.5909,0
2022-02-04,0.06,307,0.21,238,0.27,0.5395,1
2022-02-05,0.00,346,0.00,17,0.00,0.1333,0
2022-02-06,0.00,405,0.00,0,,,0
2022-02-07,0.00,471,0.00,4,0.03,0.75,0
2022-02-08,0.00,456,0.01,11,0.37,0.2222,0
2022-02-09,0.09,419,0.20,12,7.16,0.3571,1
2022-02-10,0.00,400,0.00,8,0.00,0.4444,0
2022-02-11,0.00,183,0.02,9,0.39,0.5,0
2022-02-12,0.00,352,0.00,3,0.46,0,0
2022-02-13,0.02,269,0.07,10,1.77,0.3,0
2022-02-14,0.00,216,0.00,0,,,0
2022-02-15,0.00,269,0.00,3,0.17,0.3333,0
2022-02-16,0.00,257,0.00,9,0.00,0.3333,0
2022-02-17,0.27,131,2.05,432,0.62,0.4543,2
2022-02-18,0.07,151,0.43,379,0.17,0.4441,1
2022-02-19,0.10,716,0.14,2156,0.05,0.4656,1
2022-02-20,0.23,186,1.22,625,0.36,0.461,2
2022-02-21,0.06,222,0.26,702,0.08,0.4036,1
2022-02-22,0.12,219,0.57,677,0.18,0.4664,1
2022-02-23,0.14,204,0.68,542,0.26,0.4668,1
2022-02-24,0.32,352,0.90,1115,0.28,0.4933,4
2022-02-25,0.99,500,1.98,1615,0.61,0.4836,20
2022-02-26,0.37,290,1.26,1102,0.33,0.4866,3
2022-02-27,0.37,294,1.24,1078,0.34,0.492,4
2022-02-28,0.53,243,2.17,786,0.67,0.4266,8
2022-03-01,0.12,163,0.72,522,0.23,0.501,2
2022-03-02,0.31,126,2.46,429,0.72,0.4386,4
2022-03-03,0.24,218,1.10,823,0.29,0.4734,4
2022-03-04,0.13,171,0.74,529,0.24,0.4621,1
2022-03-05,0.50,288,1.74,1065,0.47,0.4767,4
2022-03-06,0.45,287,1.57,1066,0.42,0.4909,4
2022-03-07,0.81,261,3.08,980,0.82,0.4907,5
2022-03-08,0.14,307,0.44,1042,0.13,0.4708,5
2022-03-09,0.36,402,0.89,1354,0.27,0.4882,4
2022-03-10,0.32,378,0.85,1084,0.30,0.403,6
2022-03-11,0.56,458,1.22,1581,0.35,0.467,9
2022-03-12,0.03,292,0.12,163,0.21,0.3861,0
2022-03-13,0.00,259,0.00,3,0.00,0,0
2022-03-14,0.00,140,0.00,5,0.12,0.4,0
2022-03-15,0.00,270,0.00,0,,,0
2022-03-16,0.00,245,0.00,3,0.00,0,0
2022-03-17,0.00,158,0.00,7,0.00,0.3333,0
2022-03-18,0.02,154,0.14,86,0.25,0.5904,0
2022-03-19,0.13,218,0.61,634,0.21,0.4782,1
2022-03-20,0.25,196,1.30,543,0.47,0.4749,1
2022-03-21,0.11,175,0.65,551,0.21,0.4417,1
2022-03-22,0.27,255,1.06,755,0.36,0.4609,5
2022-03-23,0.12,208,0.56,643,0.18,0.5222,2
2022-03-24,0.41,225,1.82,762,0.54,0.4668,5
2022-03-25,0.37,232,1.58,689,0.53,0.4625,3
2022-03-26,0.15,213,0.70,723,0.21,0.495,3
2022-03-27,0.20,175,1.17,561,0.36,0.4909,4
2022-03-28,0.53,198,2.67,556,0.95,0.4501,5
2022-03-29,0.26,179,1.45,537,0.48,0.4921,4
2022-03-30,0.13,166,0.75,475,0.26,0.4593,1
2022-03-31,0.34,201,1.68,509,0.66,0.4484,3
2022-04-01,0.11,205,0.54,520,0.21,0.501,1
2022-04-02,0.17,210,0.80,602,0.28,0.4427,4
2022-04-03,0.34,113,2.98,315,1.07,0.5,5
2022-04-04,0.07,183,0.36,620,0.11,0.478,0
2022-04-05,0.53,148,3.56,464,1.13,0.4759,3
2022-04-06,0.06,125,0.47,342,0.17,0.4756,2
2022-04-07,0.18,152,1.20,507,0.36,0.4467,2
2022-04-08,0.22,105,2.06,371,0.58,0.537,2
2022-04-09,0.12,159,0.78,485,0.26,0.5603,3
2022-04-10,0.15,136,1.07,391,0.37,0.4435,4
2022-04-11,0.25,155,1.63,443,0.57,0.481,2
2022-04-12,0.21,192,1.11,569,0.37,0.531,7
2022-04-13,0.47,315,1.50,1010,0.47,0.4758,9
2022-04-14,0.21,159,1.33,530,0.40,0.5,2
2022-04-15,0.07,113,0.66,250,0.30,0.4615,1
2022-04-16,0.00,111,0.00,0,,,0
2022-04-17,0.00,218,0.00,0,,,0
2022-04-18,0.00,213,0.00,1,0.00,1,0
2022-04-19,0.00,176,0.01,1,1.36,0,0
2022-04-20,0.00,176,0.00,0,,,0
2022-04-21,0.00,149,0.00,2,0.20,0.5,0
2022-04-22,0.00,132,0.00,6,0.02,0.1667,0
2022-04-23,0.00,185,0.00,0,,,0
2022-04-24,0.00,242,0.00,8,0.03,0.5714,0
2022-04-25,0.00,176,0.00,6,0.04,0.6667,0
2022-04-26,0.00,155,0.00,0,,,0
2022-04-27,0.01,172,0.03,11,0.49,0.375,0
2022-04-28,0.00,169,0.02,23,0.14,0.5714,0
2022-04-29,0.27,241,1.13,551,0.50,0.4555,4
2022-04-30,0.10,160,0.65,402,0.26,0.4398,3
2022-05-01,0.10,142,0.73,345,0.30,0.4985,3
2022-05-02,0.24,122,1.99,312,0.78,0.3954,3
2022-05-03,0.29,132,2.20,339,0.86,0.5122,3
2022-05-04,0.04,116,0.31,291,0.12,0.4231,0
2022-05-05,0.37,144,2.57,360,1.03,0.5301,6
2022-05-06,0.12,169,0.73,560,0.22,0.4608,2
2022-05-07,0.69,191,3.61,548,1.26,0.4981,6
2022-05-08,0.50,360,1.38,1033,0.48,0.4753,15
2022-05-09,0.26,269,0.98,772,0.34,0.4593,5
2022-05-10,0.17,145,1.21,464,0.38,0.5133,2
2022-05-11,0.10,191,0.50,612,0.16,0.4769,0
2022-05-12,0.21,226,0.95,659,0.33,0.485,2
2022-05-13,0.99,273,3.64,670,1.48,0.4602,16
2022-05-14,0.35,270,1.30,805,0.44,0.5185,9
2022-05-15,0.32,309,1.04,943,0.34,0.4884,7
2022-05-16,0.53,256,2.08,799,0.67,0.4432,6
2022-05-17,0.16,223,0.71,696,0.23,0.5226,2
2022-05-18,0.21,279,0.74,977,0.21,0.4812,2
2022-05-19,0.13,318,0.41,1151,0.11,0.4549,2
2022-05-20,0.07,267,0.27,923,0.08,0.4858,1
2022-05-21,0.13,314,0.41,1084,0.12,0.4757,3
2022-05-22,0.05,133,0.40,477,0.11,0.4641,2
2022-05-23,0.16,199,0.82,713,0.23,0.5502,2
2022-05-24,0.26,208,1.27,605,0.44,0.4656,2
2022-05-25,0.25,135,1.83,439,0.56,0.4633,2
2022-05-26,0.21,94,2.27,310,0.69,0.557,2
2022-05-27,0.10,236,0.43,752,0.14,0.5431,3
2022-05-28,0.03,176,0.16,661,0.04,0.4932,0
2022-05-29,0.16,127,1.22,460,0.34,0.5044,1
2022-05-30,0.00,56,0.06,130,0.02,0.4766,1
2022-05-31,0.01,53,0.20,142,0.07,0.4507,1
2022-06-01,0.02,86,0.24,216,0.09,0.5302,2
2022-06-02,0.21,154,1.37,455,0.46,0.5202,5
2022-06-03,0.10,71,1.44,245,0.42,0.4564,3
2022-06-04,0.10,84,1.17,231,0.42,0.4675,3
2022-06-05,0.00,82,0.06,189,0.03,0.484,0
2022-06-06,0.35,111,3.11,385,0.90,0.4634,3
2022-06-07,0.01,56,0.20,143,0.08,0.4429,1
2022-06-08,0.01,109,0.12,354,0.04,0.4252,0
2022-06-09,0.03,104,0.28,286,0.10,0.4036,4
2022-06-10,0.00,106,0.04,212,0.02,0.532,0
2022-06-11,0.01,53,0.20,114,0.10,0.4286,0
2022-06-12,0.06,112,0.50,304,0.18,0.5839,4
2022-06-13,0.22,85,2.62,223,1.00,0.5799,3
2022-06-14,0.17,80,2.11,223,0.76,0.4208,1
2022-06-15,0.00,51,0.07,97,0.04,0.4688,1
2022-06-16,0.01,75,0.18,177,0.08,0.4506,1
2022-06-17,0.11,33,3.31,80,1.36,0.5405,1
2022-06-18,0.00,27,0.06,47,0.04,0.5532,0
2022-06-19,0.02,46,0.39,146,0.12,0.4828,0
2022-06-20,0.29,149,1.98,447,0.66,0.4799,2
2022-06-21,0.14,191,0.71,724,0.19,0.4964,1
2022-06-22,0.03,70,0.40,270,0.10,0.4831,0
2022-06-23,0.09,147,0.59,502,0.17,0.4928,2
2022-06-24,0.13,206,0.61,705,0.18,0.5,2
2022-06-25,0.14,92,1.56,337,0.43,0.4404,1
2022-06-26,0.05,161,0.28,604,0.08,0.4716,0
2022-06-27,0.34,153,2.23,585,0.58,0.4956,3
2022-06-28,0.35,297,1.19,966,0.37,0.5064,6
2022-06-29,0.21,222,0.95,724,0.29,0.4935,5
2022-06-30,0.26,240,1.10,903,0.29,0.5111,6
2022-07-01,0.04,129,0.30,456,0.09,0.5066,0
2022-07-02,0.28,278,1.00,1012,0.27,0.4745,3
2022-07-03,0.08,336,0.25,1281,0.07,0.4872,2
2022-07-04,0.14,296,0.48,980,0.14,0.4785,2
2022-07-05,0.18,305,0.59,980,0.18,0.5204,6
2022-07-06,0.04,195,0.21,689,0.06,0.523,1
2022-07-07,0.22,345,0.65,1277,0.18,0.4935,2
2022-07-08,0.29,226,1.28,802,0.36,0.4918,3
2022-07-09,0.02,164,0.14,590,0.04,0.4861,0
2022-07-10,0.03,137,0.20,546,0.05,0.4634,0
2022-07-11,0.07,202,0.35,680,0.10,0.4479,1
2022-07-12,0.20,255,0.80,831,0.25,0.5168,4
2022-07-13,0.12,193,0.62,716,0.17,0.5099,3
2022-07-14,0.17,222,0.79,815,0.21,0.5093,3
2022-07-15,0.07,137,0.53,455,0.16,0.5011,1
2022-07-16,0.12,136,0.85,485,0.24,0.5417,2
2022-07-17,0.11,214,0.51,777,0.14,0.5229,1
2022-07-18,0.03,205,0.13,641,0.04,0.4928,0
2022-07-19,0.08,216,0.35,719,0.11,0.4852,5
2022-07-20,0.08,479,0.17,1834,0.04,0.4658,4
2022-07-21,0.23,262,0.86,816,0.28,0.4311,2
2022-07-22,0.02,151,0.13,535,0.04,0.418,0
2022-07-23,0.01,134,0.07,483,0.02,0.5487,0
2022-07-24,0.02,257,0.09,806,0.03,0.4791,2
2022-07-25,0.06,116,0.51,397,0.15,0.5181,1
2022-07-26,0.18,198,0.89,623,0.28,0.5207,2
2022-07-27,0.17,195,0.87,681,0.25,0.5144,1
2022-07-28,0.17,154,1.11,523,0.33,0.5196,2
2022-07-29,0.03,78,0.33,266,0.10,0.4115,0
2022-07-30,0.02,100,0.17,340,0.05,0.4382,0
2022-07-31,0.03,93,0.29,341,0.08,0.4474,0
2022-08-01,0.03,122,0.23,262,0.11,0.502,0
2022-08-02,0.03,116,0.23,308,0.09,0.5497,0
2022-08-03,0.12,148,0.83,526,0.23,0.5058,3
2022-08-04,0.07,59,1.12,192,0.34,0.4889,2
2022-08-05,0.05,89,0.51,342,0.13,0.4897,1
2022-08-06,0.19,102,1.82,370,0.50,0.5613,1
2022-08-07,0.08,75,1.13,310,0.27,0.5166,1
2022-08-08,0.01,72,0.08,242,0.02,0.5292,0
2022-08-09,0.02,66,0.24,241,0.07,0.5168,1
2022-08-10,0.02,97,0.18,277,0.06,0.4854,1
2022-08-11,0.02,113,0.18,327,0.06,0.5077,1
2022-08-12,0.02,57,0.36,168,0.12,0.497,0
2022-08-13,0.01,79,0.13,219,0.05,0.5525,0
2022-08-14,0.03,124,0.26,337,0.09,0.4865,1
2022-08-15,0.01,160,0.08,447,0.03,0.4918,0
2022-08-16,0.11,148,0.73,438,0.25,0.4836,2
2022-08-17,0.03,113,0.23,347,0.07,0.4651,1
2022-08-18,0.02,83,0.18,298,0.05,0.4949,1
2022-08-19,0.01,54,0.22,148,0.08,0.4545,0
2022-08-20,0.02,81,0.29,254,0.09,0.4798,0
2022-08-21,0.01,70,0.13,186,0.05,0.4402,0
2022-08-22,0.01,94,0.10,315,0.03,0.492,0
2022-08-23,0.03,60,0.55,199,0.17,0.5226,0
2022-08-24,0.16,120,1.33,352,0.45,0.4943,1
2022-08-25,0.07,181,0.37,525,0.13,0.4797,3
2022-08-26,0.07,84,0.84,269,0.26,0.5204,1
2022-08-27,0.01,78,0.13,284,0.04,0.5348,1
2022-08-28,0.08,247,0.32,1113,0.07,0.4794,2
2022-08-29,0.03,157,0.21,561,0.06,0.4867,1
2022-08-30,0.02,189,0.11,743,0.03,0.5232,1
2022-08-31,0.35,339,1.03,1448,0.24,0.4412,7
2022-09-01,0.03,82,0.36,274,0.11,0.4366,0
2022-09-02,0.01,78,0.15,278,0.04,0.4721,0
2022-09-03,0.01,149,0.08,584,0.02,0.4776,0
2022-09-04,0.10,185,0.54,587,0.17,0.4466,2
2022-09-05,0.02,113,0.20,429,0.05,0.5365,1
2022-09-06,0.01,112,0.11,374,0.03,0.4219,0
2022-09-07,0.14,76,1.83,286,0.49,0.4737,2
2022-09-08,0.05,138,0.39,514,0.10,0.523,2
2022-09-09,0.02,88,0.23,236,0.08,0.443,0
2022-09-10,0.10,110,0.89,406,0.24,0.5038,3
2022-09-11,0.06,133,0.46,458,0.13,0.5197,3
2022-09-12,0.01,106,0.14,364,0.04,0.5289,0
2022-09-13,0.04,100,0.43,375,0.11,0.5175,1
2022-09-14,0.02,163,0.11,548,0.03,0.5064,1
2022-09-15,0.12,138,0.87,475,0.25,0.4776,2
2022-09-16,0.29,126,2.33,431,0.68,0.5153,5
2022-09-17,0.01,91,0.09,352,0.02,0.4857,0
2022-09-18,0.02,141,0.18,434,0.06,0.5108,2
2022-09-19,0.17,250,0.66,824,0.20,0.5075,5
2022-09-20,0.06,103,0.54,389,0.14,0.4772,1
2022-09-21,0.12,357,0.33,1230,0.10,0.4237,3
2022-09-22,0.08,107,0.73,356,0.22,0.4899,1
2022-09-23,0.02,173,0.09,663,0.02,0.519,1
2022-09-24,0.12,163,0.71,602,0.19,0.4538,1
2022-09-25,0.04,143,0.28,488,0.08,0.499,1
2022-09-26,0.01,78,0.11,233,0.04,0.5302,0
2022-09-27,0.06,139,0.41,377,0.15,0.504,4
2022-09-28,0.02,126,0.20,324,0.08,0.4952,2
2022-09-29,0.14,52,2.69,163,0.86,0.5414,1
2022-09-30,0.01,70,0.18,238,0.05,0.4402,0
2022-10-01,0.02,73,0.28,184,0.11,0.5028,0
2022-10-02,0.30,262,1.14,1090,0.27,0.5009,3
2022-10-03,0.33,241,1.38,890,0.37,0.535,8
2022-10-04,0.00,132,0.02,476,0.01,0.5372,0
2022-10-05,0.04,280,0.13,1016,0.03,0.5355,0
2022-10-06,0.17,258,0.66,913,0.19,0.5067,2
2022-10-07,0.02,124,0.18,449,0.05,0.5215,0
2022-10-08,0.01,145,0.08,469,0.02,0.5142,0
2022-10-09,0.02,125,0.14,511,0.03,0.505,1
2022-10-10,0.03,133,0.21,446,0.06,0.4345,2
2022-10-11,0.04,84,0.44,269,0.14,0.4648,1
2022-10-12,0.01,63,0.16,259,0.04,0.5138,0
2022-10-13,0.04,127,0.33,458,0.09,0.4858,1
2022-10-14,0.02,116,0.14,380,0.04,0.4327,0
2022-10-15,0.01,86,0.10,284,0.03,0.4158,0
2022-10-16,0.01,59,0.12,163,0.04,0.4383,0
2022-10-17,0.10,199,0.50,639,0.15,0.5195,1
2022-10-18,0.04,99,0.36,302,0.12,0.5217,4
2022-10-19,0.30,223,1.36,762,0.40,0.4668,7
2022-10-20,0.15,124,1.20,378,0.39,0.4797,4
2022-10-21,0.02,78,0.29,217,0.11,0.4764,1
2022-10-22,0.10,48,2.13,132,0.78,0.4885,2
2022-10-23,0.06,102,0.55,317,0.18,0.4409,3
2022-10-24,0.01,78,0.13,260,0.04,0.4353,0
2022-10-25,0.00,100,0.05,265,0.02,0.4751,1
2022-10-26,0.10,200,0.52,654,0.16,0.4814,3
2022-10-27,0.03,151,0.17,433,0.06,0.5071,1
2022-10-28,0.01,136,0.09,432,0.03,0.4581,0
2022-10-29,0.04,83,0.42,235,0.15,0.4592,3
2022-10-30,0.00,85,0.03,256,0.01,0.4704,0
2022-10-31,0.00,67,0.06,100,0.04,0.39,1
2022-11-01,0.00,51,0.06,119,0.02,0.4034,1
2022-11-02,0.00,45,0.03,98,0.01,0.4184,0
2022-11-03,0.00,74,0.06,145,0.03,0.4476,0
2022-11-04,0.01,57,0.15,172,0.05,0.4706,2
2022-11-05,0.02,51,0.36,139,0.13,0.553,2
2022-11-06,0.00,48,0.02,145,0.01,0.3803,0
2022-11-07,0.03,50,0.53,152,0.18,0.4342,1
2022-11-08,0.01,78,0.08,249,0.03,0.4939,0
2022-11-09,0.06,94,0.61,284,0.20,0.5355,5
2022-11-10,0.00,76,0.03,250,0.01,0.5021,0
2022-11-11,0.10,67,1.42,155,0.62,0.4545,1
2022-11-12,0.00,42,0.04,92,0.02,0.5055,0
2022-11-13,0.00,24,0.07,69,0.02,0.5821,0
2022-11-14,0.01,79,0.14,289,0.04,0.4983,0
2022-11-15,0.00,58,0.07,200,0.02,0.52,0
2022-11-16,0.00,63,0.05,214,0.01,0.5308,0
2022-11-17,0.00,31,0.03,89,0.01,0.4719,0
2022-11-18,0.00,41,0.06,120,0.02,0.525,0
2022-11-19,0.01,65,0.09,194,0.03,0.4197,0
2022-11-20,0.01,45,0.16,148,0.05,0.4247,0
2022-11-21,0.00,22,0.19,80,0.05,0.5125,0
2022-11-22,0.00,78,0.02,279,0.01,0.4964,0
2022-11-23,0.00,18,0.21,46,0.08,0.5333,0
2022-11-24,0.00,69,0.05,185,0.02,0.5659,1
2022-11-25,0.13,72,1.86,247,0.54,0.4835,2
2022-11-26,0.00,51,0.06,191,0.02,0.3947,0
2022-11-27,0.02,165,0.12,455,0.04,0.613,1
2022-11-28,0.01,74,0.12,184,0.05,0.5414,0
2022-11-29,0.03,36,0.74,95,0.28,0.5263,1
2022-11-30,0.00,38,0.10,111,0.03,0.4579,0
2022-12-01,0.00,28,0.05,69,0.02,0.4493,0
2022-12-02,0.00,26,0.05,55,0.03,0.4182,0
2022-12-03,0.01,55,0.10,168,0.03,0.4192,0
2022-12-04,0.07,35,2.14,93,0.81,0.5109,1
2022-12-05,0.09,75,1.19,242,0.37,0.475,2
2022-12-06,0.01,34,0.28,92,0.10,0.3563,0
2022-12-07,0.00,30,0.06,64,0.03,0.5556,0
2022-12-08,0.01,35,0.24,60,0.14,0.65,0
2022-12-09,0.00,11,0.09,43,0.02,0.4286,0
2022-12-10,0.00,52,0.03,114,0.01,0.4425,0
2022-12-11,0.00,41,0.08,140,0.02,0.4855,0
2022-12-12,0.00,43,0.08,152,0.02,0.4276,0
2022-12-13,0.01,107,0.11,450,0.03,0.5,0
2022-12-14,0.01,45,0.30,164,0.08,0.465,1
2022-12-15,0.01,49,0.13,149,0.04,0.5608,0
2022-12-16,0.01,44,0.12,141,0.04,0.617,0
2022-12-17,0.00,23,0.08,105,0.02,0.5096,0
2022-12-18,0.00,25,0.15,104,0.04,0.55,0
2022-12-19,0.00,28,0.15,103,0.04,0.5437,0
2022-12-20,0.01,38,0.18,140,0.05,0.5286,0
2022-12-21,0.18,39,4.50,125,1.40,0.5161,1
2022-12-22,0.00,58,0.03,196,0.01,0.4918,0
2022-12-23,0.00,24,0.02,60,0.01,0.4068,0
2022-12-24,0.00,12,0.02,41,0.01,0.4634,0
2022-12-25,0.00,19,0.02,76,0.00,0.4868,0
2022-12-26,0.00,83,0.05,239,0.02,0.519,0
2022-12-27,0.00,21,0.03,53,0.01,0.566,0
2022-12-28,0.00,37,0.03,69,0.02,0.5522,0
2022-12-29,0.00,32,0.05,126,0.01,0.624,0
2022-12-30,0.00,67,0.07,218,0.02,0.5688,1
2022-12-31,0.00,29,0.17,85,0.06,0.4706,0
2023-01-01,0.00,27,0.03,114,0.01,0.6518,0
2023-01-02,0.00,65,0.03,227,0.01,0.5154,0
2023-01-03,0.00,50,0.10,218,0.02,0.5161,0
2023-01-04,0.00,46,0.07,166,0.02,0.5482,1
2023-01-05,0.01,144,0.04,436,0.01,0.5839,0
2023-01-06,0.02,243,0.07,783,0.02,0.4781,0
2023-01-07,0.16,237,0.66,765,0.20,0.4021,5
2023-01-08,0.18,151,1.18,642,0.28,0.5079,4
2023-01-09,0.00,85,0.06,247,0.02,0.4774,0
2023-01-10,0.00,67,0.05,165,0.02,0.5879,0
2023-01-11,0.07,116,0.57,375,0.18,0.5486,1
2023-01-12,0.01,118,0.05,264,0.02,0.5191,0
2023-01-13,0.00,19,0.10,46,0.04,0.5111,0
2023-01-14,0.00,111,0.04,313,0.01,0.5779,0
2023-01-15,0.00,36,0.01,107,0.00,0.514,0
2023-01-16,0.03,64,0.40,150,0.17,0.4527,1
2023-01-17,0.02,166,0.14,455,0.05,0.4531,1
2023-01-18,0.02,76,0.25,224,0.08,0.555,1
2023-01-19,0.01,60,0.15,161,0.06,0.5253,0
2023-01-20,0.11,263,0.42,827,0.13,0.5025,2
2023-01-21,0.01,113,0.05,412,0.01,0.5285,0
2023-01-22,0.08,102,0.74,343,0.22,0.4759,1
2023-01-23,0.00,62,0.02,169,0.01,0.5556,0
2023-01-24,0.03,26,1.04,79,0.34,0.5,1
2023-01-25,0.00,71,0.04,202,0.01,0.585,0
2023-01-26,0.01,234,0.04,718,0.01,0.4831,0
2023-01-27,0.02,258,0.07,802,0.02,0.5196,0
2023-01-28,0.09,100,0.87,296,0.29,0.5563,2
2023-01-29,0.05,103,0.53,330,0.17,0.5294,3
2023-01-30,0.22,475,0.47,1909,0.12,0.4564,9
2023-01-31,0.12,503,0.24,1872,0.06,0.4038,9
2023-02-01,0.02,344,0.05,1101,0.01,0.4277,0
2023-02-02,0.02,110,0.23,405,0.06,0.4961,3
2023-02-03,0.02,68,0.36,196,0.13,0.4842,1
2023-02-04,0.00,52,0.02,130,0.01,0.384,0
2023-02-05,0.22,340,0.65,1234,0.18,0.5235,7
2023-02-06,0.24,623,0.38,2252,0.10,0.48,4
2023-02-07,0.11,213,0.51,743,0.15,0.5427,7
2023-02-08,0.04,191,0.19,730,0.05,0.517,2
2023-02-09,0.08,136,0.56,525,0.14,0.5272,1
2023-02-10,0.40,98,4.10,394,1.02,0.4859,4
2023-02-11,0.05,39,1.29,115,0.44,0.4035,2
2023-02-12,0.37,120,3.08,451,0.82,0.4638,3
2023-02-13,0.05,61,0.82,262,0.19,0.5134,1
2023-02-14,0.00,34,0.10,125,0.03,0.5403,0
2023-02-15,0.25,87,2.88,275,0.91,0.4981,2
2023-02-16,0.01,73,0.07,209,0.03,0.4585,0
2023-02-17,0.01,51,0.10,101,0.05,0.5248,1
2023-02-18,0.00,14,0.01,17,0.01,0.2941,0
2023-02-19,0.07,58,1.19,186,0.37,0.4892,3
2023-02-20,0.00,47,0.03,114,0.01,0.4561,0
2023-02-21,0.00,51,0.03,144,0.01,0.5035,0
2023-02-22,0.00,17,0.24,45,0.09,0.4889,1
2023-02-23,0.01,37,0.33,130,0.09,0.5156,1
2023-02-24,0.00,66,0.03,137,0.02,0.4328,0
2023-02-25,0.09,61,1.48,167,0.54,0.512,1
2023-02-26,0.12,45,2.72,142,0.86,0.4857,2
2023-02-27,0.00,39,0.04,97,0.01,0.5161,0
2023-02-28,0.04,83,0.43,262,0.14,0.5364,1
2023-03-01,0.01,160,0.04,513,0.01,0.4381,1
2023-03-02,0.07,76,0.92,250,0.28,0.5265,2
2023-03-03,0.01,45,0.25,173,0.06,0.4675,1
2023-03-04,0.00,98,0.03,234,0.01,0.5837,0
2023-03-05,0.00,70,0.05,179,0.02,0.5254,0
2023-03-06,0.00,31,0.03,82,0.01,0.5625,1
2023-03-07,0.00,19,0.04,65,0.01,0.5538,0
2023-03-08,0.00,37,0.05,108,0.02,0.5833,0
2023-03-09,0.06,88,0.74,291,0.22,0.5,1
2023-03-10,0.05,92,0.55,359,0.14,0.5922,1
2023-03-11,0.08,93,0.83,343,0.22,0.5487,3
2023-03-12,0.03,79,0.37,233,0.12,0.5526,3
2023-03-13,0.01,45,0.12,141,0.04,0.5319,0
2023-03-14,0.00,41,0.07,159,0.02,0.6604,0
2023-03-15,0.01,30,0.31,72,0.13,0.7324,0
2023-03-16,0.00,22,0.06,50,0.03,0.48,0
2023-03-17,0.52,34,15.34,119,4.38,0.5798,3
2023-03-18,0.00,20,0.11,66,0.03,0.7077,0
2023-03-19,0.00,30,0.11,105,0.03,0.4952,0
2023-03-20,0.01,69,0.11,234,0.03,0.5064,0
2023-03-21,0.03,41,0.61,183,0.14,0.5792,1
2023-03-22,0.00,13,0.04,41,0.01,0.439,0
2023-03-23,0.00,20,0.02,69,0.00,0.5075,0
2023-03-24,0.04,74,0.57,315,0.13,0.5537,2
2023-03-25,0.06,34,1.91,150,0.43,0.6443,1
2023-03-26,0.00,18,0.08,87,0.02,0.4828,0
2023-03-27,0.00,26,0.08,101,0.02,0.4653,0
2023-03-28,0.01,24,0.50,100,0.12,0.4286,0
2023-03-29,0.01,37,0.19,123,0.06,0.5285,0
2023-03-30,0.00,16,0.05,52,0.02,0.5577,0
2023-03-31,0.01,37,0.16,72,0.08,0.4507,0
2023-04-01,0.00,48,0.10,134,0.03,0.6015,0
2023-04-02,0.00,38,0.09,147,0.02,0.6122,2
2023-04-03,0.01,135,0.07,525,0.02,0.465,0
2023-04-04,0.09,80,1.15,259,0.35,0.4627,2
2023-04-05,0.16,72,2.20,213,0.74,0.5425,3
2023-04-06,0.00,41,0.10,94,0.04,0.6277,0
2023-04-07,0.01,99,0.14,324,0.04,0.5426,0
2023-04-08,0.00,58,0.05,163,0.02,0.642,0
2023-04-09,0.00,69,0.05,205,0.02,0.3383,2
2023-04-10,0.11,75,1.44,279,0.39,0.6051,3
2023-04-11,0.00,138,0.03,414,0.01,0.5304,3
2023-04-12,0.18,51,3.53,147,1.23,0.449,1
2023-04-13,0.00,162,0.02,441,0.01,0.4583,1
2023-04-14,0.20,77,2.54,272,0.72,0.6384,3
2023-04-15,0.01,68,0.14,248,0.04,0.5363,1
2023-04-16,0.00,17,0.06,70,0.01,0.5143,0
2023-04-17,0.00,34,0.10,97,0.04,0.4433,0
2023-04-18,0.08,41,2.06,150,0.56,0.5436,3
2023-04-19,0.01,137,0.06,445,0.02,0.5023,0
2023-04-20,0.01,34,0.26,129,0.07,0.6589,0
2023-04-21,0.01,109,0.09,326,0.03,0.4814,0
2023-04-22,0.01,57,0.16,178,0.05,0.407,0
2023-04-23,0.00,30,0.11,94,0.03,0.5484,0
2023-04-24,0.00,42,0.04,129,0.01,0.4496,1
2023-04-25,0.00,33,0.04,103,0.01,0.5686,0
2023-04-26,0.01,109,0.06,293,0.02,0.5576,0
2023-04-27,0.00,76,0.06,192,0.02,0.4345,0
2023-04-28,0.02,66,0.32,212,0.10,0.4615,0
2023-04-29,0.02,126,0.14,421,0.04,0.4936,0
2023-04-30,0.28,39,7.13,150,1.85,0.4865,2
2023-05-01,0.01,29,0.22,108,0.06,0.5943,0
2023-05-02,0.00,22,0.08,61,0.03,0.4068,0
2023-05-03,0.04,17,2.07,57,0.62,0.3158,0
2023-05-04,0.01,93,0.06,338,0.02,0.5714,0
2023-05-05,0.05,37,1.31,106,0.46,0.451,1
2023-05-06,0.01,25,0.23,84,0.07,0.4643,1
2023-05-07,0.05,67,0.68,227,0.20,0.5867,1
2023-05-08,0.01,36,0.38,104,0.13,0.3922,0
2023-05-09,0.01,20,0.52,76,0.14,0.5139,0
2023-05-10,0.00,58,0.05,123,0.02,0.6475,0
2023-05-11,0.47,94,5.02,359,1.31,0.6278,13
2023-05-12,1.11,247,4.48,798,1.39,0.5225,28
2023-05-13,1.50,154,9.77,547,2.75,0.5597,37
2023-05-14,0.63,40,15.84,155,4.09,0.5909,9
2023-05-15,0.70,60,11.71,249,2.82,0.5466,17
2023-05-16,0.12,27,4.39,99,1.20,0.5979,7
2023-05-17,0.06,33,1.71,132,0.43,0.6439,3
2023-05-18,0.61,32,19.03,145,4.20,0.5931,15
2023-05-19,0.99,91,10.91,380,2.61,0.6675,54
2023-05-20,0.62,81,7.64,425,1.46,0.6094,35
2023-05-21,1.22,81,15.01,350,3.47,0.6905,25
2023-05-22,0.20,29,6.88,91,2.19,0.5495,1
2023-05-23,0.00,29,0.11,92,0.04,0.5393,0
2023-05-24,1.93,112,17.20,487,3.95,0.6597,65
2023-05-25,7.39,156,47.39,671,11.02,0.6707,124
2023-05-26,3.92,71,55.23,181,21.66,0.4389,34
2023-05-27,0.00,34,0.03,125,0.01,0.5,0
2023-05-28,0.01,257,0.03,217,0.03,0.4789,2
2023-05-29,0.00,253,0.00,6,0.03,0.8333,0
2023-05-30,0.00,66,0.00,2,0.00,0.5,0
2023-05-31,0.00,88,0.00,2,0.01,0.5,0
2023-06-01,0.00,129,0.00,7,0.02,0.2857,0
2023-06-02,0.00,95,0.00,3,0.01,0.3333,0
2023-06-03,0.00,74,0.00,3,0.00,0.3333,0
2023-06-04,0.00,56,0.00,3,0.00,0.6667,0
2023-06-05,0.00,85,0.00,13,0.00,0.6923,0
2023-06-06,0.00,32,0.02,67,0.01,0.4328,1
2023-06-07,0.01,52,0.13,200,0.03,0.56,0
2023-06-08,0.00,31,0.03,114,0.01,0.5088,1
2023-06-09,0.06,27,2.09,117,0.48,0.5812,1
2023-06-10,0.00,20,0.00,8,0.00,0.625,0
2023-06-11,0.00,17,0.00,1,0.00,0,0
2023-06-12,0.00,24,0.00,1,0.00,0,0
2023-06-13,0.00,12,0.00,0,,,0
2023-06-14,0.00,21,0.00,1,0.01,0,0
2023-06-15,0.00,35,0.02,10,0.07,0.8,0
2023-06-16,0.00,21,0.00,0,,,0
2023-06-17,0.00,15,0.00,1,0.00,0,0
2023-06-18,0.00,10,0.00,3,0.00,1,0
2023-06-19,0.00,22,0.00,0,,,0
2023-06-20,0.00,13,0.00,1,0.00,0,0
2023-06-21,0.00,23,0.00,0,,,0
2023-06-22,0.00,22,0.00,0,,,0
2023-06-23,0.00,57,0.00,2,0.00,0.5,0
2023-06-24,0.00,42,0.00,1,0.00,1,0
2023-06-25,0.00,50,0.00,1,0.06,0,0
2023-06-26,0.00,79,0.00,3,0.09,0.6667,0
2023-06-27,0.00,27,0.00,1,0.00,1,0
2023-06-28,0.00,32,0.00,1,0.01,1,0
2023-06-29,0.00,57,0.00,0,,,0
2023-06-30,0.00,6,0.00,1,0.00,1,0
2023-07-01,0.00,23,0.00,0,,,0
2023-07-02,0.00,16,0.00,1,0.01,0,0
2023-07-03,0.00,21,0.01,2,0.06,1,0
2023-07-04,0.00,29,0.00,1,0.00,0,0
2023-07-05,0.00,20,0.00,1,0.01,,0
2023-07-06,0.03,17,1.52,73,0.35,0.4795,1
2023-07-07,0.00,19,0.05,58,0.02,0.5172,0
2023-07-08,0.01,82,0.15,292,0.04,0.4965,0
2023-07-09,0.00,35,0.02,109,0.01,0.6239,0
2023-07-10,0.01,138,0.09,490,0.03,0.5249,1
2023-07-11,0.01,80,0.14,274,0.04,0.5112,2
2023-07-12,0.01,77,0.10,196,0.04,0.5132,0
2023-07-13,0.00,38,0.02,118,0.01,0.5085,0
2023-07-14,0.00,57,0.05,202,0.01,0.5404,0
2023-07-15,0.00,65,0.05,209,0.02,0.5337,0
2023-07-16,0.03,113,0.30,287,0.12,0.5643,4
2023-07-17,0.00,67,0.04,181,0.02,0.4358,0
2023-07-18,0.00,41,0.05,126,0.02,0.584,0
2023-07-19,0.00,16,0.04,39,0.02,0.6154,0
2023-07-20,0.01,44,0.12,187,0.03,0.6684,0
2023-07-21,0.02,173,0.12,448,0.05,0.5274,1
2023-07-22,0.00,77,0.01,193,0.01,0.5365,0
2023-07-23,0.12,365,0.33,1085,0.11,0.5274,7
2023-07-24,0.01,152,0.07,475,0.02,0.537,1
2023-07-25,0.01,114,0.09,465,0.02,0.5022,0
2023-07-26,0.01,50,0.13,169,0.04,0.3929,1
2023-07-27,0.00,27,0.09,77,0.03,0.3947,0
2023-07-28,0.00,28,0.01,44,0.00,0.381,0
2023-07-29,0.00,19,0.12,33,0.07,0.3636,0
2023-07-30,0.00,22,0.05,63,0.02,0.5079,0
2023-07-31,0.02,34,0.47,125,0.13,0.561,1
2023-08-01,0.00,21,0.05,65,0.02,0.4769,0
2023-08-02,0.00,14,0.02,42,0.01,0.5,0
2023-08-03,0.01,30,0.30,92,0.10,0.5714,0
2023-08-04,0.01,97,0.08,315,0.02,0.5788,1
2023-08-05,0.02,24,0.77,63,0.29,0.4444,1
2023-08-06,0.00,11,0.00,32,0.00,0.5312,0
2023-08-07,0.01,19,0.40,64,0.12,0.4844,0
2023-08-08,0.01,122,0.11,384,0.03,0.5342,0
2023-08-09,0.00,34,0.12,112,0.04,0.5741,0
2023-08-10,0.01,14,0.47,37,0.18,0.5405,0
2023-08-11,0.00,18,0.06,33,0.03,0.5938,0
2023-08-12,0.00,15,0.02,29,0.01,0.2759,0
2023-08-13,0.00,13,0.02,25,0.01,0.44,0
2023-08-14,0.00,20,0.00,38,0.00,0.2895,0
2023-08-15,0.00,16,0.04,55,0.01,0.5091,0
2023-08-16,0.00,13,0.11,34,0.04,0.4706,0
2023-08-17,0.00,14,0.06,50,0.02,0.6,0
2023-08-18,0.00,10,0.02,31,0.01,0.5161,0
2023-08-19,0.00,14,0.03,44,0.01,0.3864,0
2023-08-20,0.00,14,0.03,27,0.02,0.4074,0
2023-08-21,0.00,12,0.03,27,0.01,0.5926,0
2023-08-22,0.00,10,0.00,16,0.00,0.4375,0
2023-08-23,0.00,17,0.03,43,0.01,0.4884,0
2023-08-24,0.00,14,0.28,29,0.13,0.4483,0
2023-08-25,0.00,3,0.01,11,0.00,0.5455,0
2023-08-26,0.00,20,0.02,40,0.01,0.6,0
2023-08-27,0.02,21,0.76,76,0.21,0.5132,2
2023-08-28,0.00,21,0.03,58,0.01,0.5862,0
2023-08-29,0.00,4,0.02,9,0.01,0.5556,0
2023-08-30,0.00,12,0.02,26,0.01,0.3846,0
2023-08-31,0.00,14,0.06,34,0.02,0.697,0
2023-09-01,0.00,22,0.01,48,0.01,0.5,0
2023-09-02,0.00,21,0.02,67,0.01,0.6269,0
2023-09-03,0.00,14,0.03,21,0.02,0.5789,0
2023-09-04,0.07,163,0.45,452,0.16,0.4395,2
2023-09-05,0.00,58,0.02,118,0.01,0.5214,0
2023-09-06,0.00,16,0.04,22,0.03,0.3333,0
2023-09-07,0.00,32,0.15,56,0.09,0.5,0
2023-09-08,0.00,13,0.00,14,0.00,0.4286,0
2023-09-09,0.00,24,0.05,46,0.03,0.5455,0
2023-09-10,0.00,23,0.08,33,0.06,0.697,0
2023-09-11,0.25,45,5.55,83,3.01,0.494,14
2023-09-12,0.01,53,0.10,116,0.05,0.5478,0
2023-09-13,0.01,79,0.11,202,0.04,0.5779,0
2023-09-14,0.02,235,0.09,461,0.04,0.481,1
2023-09-15,0.70,70,10.02,130,5.40,0.5079,21
2023-09-16,0.00,22,0.02,63,0.01,0.3103,0
2023-09-17,0.00,20,0.08,67,0.02,0.5758,0
2023-09-18,0.00,31,0.11,101,0.03,0.4554,0
2023-09-19,0.02,45,0.38,157,0.11,0.6474,1
2023-09-20,0.01,19,0.29,69,0.08,0.3676,0
2023-09-21,0.04,177,0.21,543,0.07,0.546,3
2023-09-22,0.04,48,0.86,157,0.26,0.4841,1
2023-09-23,0.00,30,0.05,94,0.01,0.587,0
2023-09-24,0.00,16,0.24,45,0.08,0.3023,0
2023-09-25,0.13,25,5.29,84,1.58,0.5238,1
2023-09-26,0.02,75,0.27,278,0.07,0.5458,1
2023-09-27,0.02,46,0.41,145,0.13,0.4255,0
2023-09-28,0.00,29,0.14,87,0.05,0.4023,0
2023-09-29,0.00,14,0.04,36,0.02,0.2778,0
